timestamp,public_user_id,event,state,action,user_mode,language,days_since_first_seen,session_id,meta_json,sheets_delivery
2026-08-12T17:26:20.464634+00:00,20260812-0002,session_started,SELECTING_PACE,,,ru,,a126035e-2598-44c1-9140-43586327827e,{},failed_or_disabled
2026-08-12T17:30:55.721181+00:00,20260812-0003,session_started,SELECTING_PACE,,,ru,,301016f5-8108-46b5-9a92-00f924e6ce09,{},failed_or_disabled
2026-08-12T17:30:55.721181+00:00,20260812-0003,session_started,SELECTING_PACE,,,ru,,8250d63e-852e-4449-a74f-7fb9e058f04a,{},failed_or_disabled
2026-08-12T17:30:55.721181+00:00,20260812-0003,session_started,SELECTING_PACE,,,ru,,0ddc8192-2384-4cb4-adf6-a9e18fa6af45,{},failed_or_disabled
2026-08-12T17:30:55.721181+00:00,20260812-0003,session_started,SELECTING_PACE,,,ru,,84dba431-a11a-4ea8-a1d4-12a4e2b23db7,{},failed_or_disabled
2026-08-12T17:31:48.492859+00:00,20260812-0003,session_started,SELECTING_PACE,,,ru,,a93af7e9-7078-4f56-826b-afafa5d7bfcb,{},failed_or_disabled
2026-08-12T17:31:48.498851+00:00,20260812-0003,pace_selected,WAITING_STORY,⚡ Быстро и по делу,fast,ru,,a93af7e9-7078-4f56-826b-afafa5d7bfcb,{},failed_or_disabled
2026-08-12T17:32:05.725872+00:00,20260812-0003,session_started,SELECTING_PACE,,,ru,,0c4d28cd-096c-4d00-9fae-b4400ef3186f,{},failed_or_disabled
2026-08-12T17:32:11.042616+00:00,20260812-0003,pace_selected,WAITING_STORY,⚡ Быстро и по делу,fast,ru,,0c4d28cd-096c-4d00-9fae-b4400ef3186f,{},failed_or_disabled
2026-08-12T17:50:06.246355+00:00,20260812-9999,pace_selected,WAITING_STORY,🧭 Нормальный разбор,calm_steps,ru,,test-session,{},failed_or_disabled
2026-08-12T17:57:27.563919+00:00,20260812-0003,session_started,SELECTING_PACE,,,ru,,675633ac-a297-4d90-849a-8ded188457e4,{},failed_or_disabled
2026-08-12T17:57:27.564926+00:00,20260812-0004,session_started,SELECTING_PACE,,,ru,,b49fbaec-a425-4d91-839f-1fcce1c81f48,{},failed_or_disabled
2026-08-12T17:57:27.564926+00:00,20260812-0003,session_started,SELECTING_PACE,,,ru,,497a001d-8b91-4f87-a4c2-188e72e72657,{},failed_or_disabled
2026-08-12T17:57:27.566919+00:00,20260812-0003,session_started,SELECTING_PACE,,,ru,,43d089d1-8ba7-407d-92c9-6251e79e3e17,{},failed_or_disabled
2026-08-12T17:57:49.796864+00:00,20260812-0003,pace_selected,WAITING_STORY,⚡ Быстро и по делу,fast,ru,,43d089d1-8ba7-407d-92c9-6251e79e3e17,{},failed_or_disabled
2026-08-12T17:58:19.706743+00:00,20260812-0003,story_evidence_extracted,CareerFlow:WAITING_STORY,,fast,ru,,43d089d1-8ba7-407d-92c9-6251e79e3e17,"{""chars"": 792, ""answer_length"": ""long"", ""tone"": ""calm"", ""seconds_in_current_state"": 0.0}",failed_or_disabled
2026-08-12T17:58:19.706743+00:00,20260812-0003,story_evidence_extracted,CareerFlow:WAITING_STORY,,fast,ru,,43d089d1-8ba7-407d-92c9-6251e79e3e17,"{""chars"": 792, ""answer_length"": ""long"", ""tone"": ""calm"", ""seconds_in_current_state"": 0.0, ""source_event"": ""story_submitted""}",failed_or_disabled
2026-08-12T17:59:07.712730+00:00,20260812-0003,career_hypothesis_created,CareerFlow:INTERVIEW,,fast,ru,,43d089d1-8ba7-407d-92c9-6251e79e3e17,"{""count"": 5, ""seed_statement"": ""Пользователь имеет опыт в маркетинге и управлении командой."", ""seconds_from_prev_event"": 47.98, ""seconds_in_current_state"": 0.0, ""previous_state"": ""CareerFlow:WAITING_STORY"", ""previous_state_duration_seconds"": 47.98}",failed_or_disabled
2026-08-12T17:59:07.967225+00:00,20260812-0003,career_hypothesis_created,CareerFlow:INTERVIEW,,fast,ru,,43d089d1-8ba7-407d-92c9-6251e79e3e17,"{""question_index"": 1, ""question_id"": 1, ""hypothesis_statement"": ""Пользователь регулярно выполнял функцию: Анализ информации"", ""hypothesis_confidence"": ""probable"", ""seconds_from_prev_event"": 0.23, ""seconds_in_current_state"": 0.23}",failed_or_disabled
2026-08-12T17:59:07.968222+00:00,20260812-0003,clarifying_question_asked,CareerFlow:INTERVIEW,,fast,ru,,43d089d1-8ba7-407d-92c9-6251e79e3e17,"{""question_index"": 1, ""question_id"": 1, ""signature"": ""personal_contribution:interview_policy"", ""decision_that_may_change"": ""0.95"", ""seconds_from_prev_event"": 0.03, ""seconds_in_current_state"": 0.29, ""question_has_decision_justification"": true}",failed_or_disabled
2026-08-12T17:59:07.968222+00:00,20260812-0003,critical_gap_detected,CareerFlow:INTERVIEW,,fast,ru,,43d089d1-8ba7-407d-92c9-6251e79e3e17,"{""question_index"": 1, ""question_id"": 1, ""gap_key"": ""personal_contribution"", ""decision_that_may_change"": ""0.95"", ""seconds_from_prev_event"": 0.03, ""seconds_in_current_state"": 0.26}",failed_or_disabled
2026-08-12T17:59:07.968222+00:00,20260812-0003,clarifying_question_asked,CareerFlow:INTERVIEW,,fast,ru,,43d089d1-8ba7-407d-92c9-6251e79e3e17,"{""question_index"": 1, ""question_id"": 1, ""signature"": ""personal_contribution:interview_policy"", ""decision_that_may_change"": ""0.95"", ""seconds_from_prev_event"": 0.03, ""seconds_in_current_state"": 0.29, ""source_event"": ""question_shown"", ""question_has_decision_justification"": true}",failed_or_disabled
2026-08-12T17:59:47.545282+00:00,20260812-0003,answer_submitted,CareerFlow:INTERVIEW,,fast,ru,,43d089d1-8ba7-407d-92c9-6251e79e3e17,"{""question_index"": 1, ""chars"": 569, ""turn"": 1, ""seconds_from_prev_event"": 39.55, ""seconds_in_current_state"": 39.84}",failed_or_disabled
2026-08-12T17:59:47.545282+00:00,20260812-0003,interview_ready_with_uncertainty,CareerFlow:INTERVIEW,,fast,ru,,43d089d1-8ba7-407d-92c9-6251e79e3e17,"{""question_index"": 1, ""status"": ""ready_with_uncertainty"", ""seconds_from_prev_event"": 0.02, ""seconds_in_current_state"": 39.86, ""source_event"": ""interview_ready_early""}",failed_or_disabled
2026-08-12T17:59:47.545282+00:00,20260812-0003,extended_diag_forced_start,CareerFlow:INTERVIEW,,fast,ru,,43d089d1-8ba7-407d-92c9-6251e79e3e17,"{""stage"": ""post_fast_questions"", ""seconds_from_prev_event"": 0.02, ""seconds_in_current_state"": 39.88}",failed_or_disabled
2026-08-12T17:59:47.545282+00:00,20260812-0003,question_answered,CareerFlow:INTERVIEW,,fast,ru,,43d089d1-8ba7-407d-92c9-6251e79e3e17,"{""question_index"": 1, ""chars"": 569, ""turn"": 1, ""seconds_from_prev_event"": 39.55, ""seconds_in_current_state"": 39.84, ""source_event"": ""answer_submitted""}",failed_or_disabled
2026-08-12T17:59:47.545282+00:00,20260812-0003,interview_ready_with_uncertainty,CareerFlow:INTERVIEW,,fast,ru,,43d089d1-8ba7-407d-92c9-6251e79e3e17,"{""question_index"": 1, ""status"": ""ready_with_uncertainty"", ""seconds_from_prev_event"": 0.02, ""seconds_in_current_state"": 39.86}",failed_or_disabled
2026-08-12T17:59:48.100231+00:00,20260812-0003,clarifying_question_asked,CareerFlow:INTERVIEW,,fast,ru,,43d089d1-8ba7-407d-92c9-6251e79e3e17,"{""question_index"": 1, ""question_id"": 1, ""signature"": ""что_сейчас_сильнее_всего_мешает_начать_выберите_до_3_пунктов:general"", ""decision_that_may_change"": ""main_barrier"", ""seconds_from_prev_event"": 0.01, ""seconds_in_current_state"": 40.44, ""question_has_decision_justification"": true}",failed_or_disabled
2026-08-12T17:59:48.099228+00:00,20260812-0003,career_hypothesis_created,CareerFlow:INTERVIEW,,fast,ru,,43d089d1-8ba7-407d-92c9-6251e79e3e17,"{""question_index"": 1, ""question_id"": 1, ""hypothesis_statement"": ""Пользователь регулярно выполнял функцию: Анализ информации"", ""hypothesis_confidence"": ""probable"", ""seconds_from_prev_event"": 0.55, ""seconds_in_current_state"": 40.42}",failed_or_disabled
2026-08-12T17:59:48.100231+00:00,20260812-0003,clarifying_question_asked,CareerFlow:INTERVIEW,,fast,ru,,43d089d1-8ba7-407d-92c9-6251e79e3e17,"{""question_index"": 1, ""question_id"": 1, ""signature"": ""что_сейчас_сильнее_всего_мешает_начать_выберите_до_3_пунктов:general"", ""decision_that_may_change"": ""main_barrier"", ""seconds_from_prev_event"": 0.01, ""seconds_in_current_state"": 40.44, ""source_event"": ""question_shown"", ""question_has_decision_justification"": true}",failed_or_disabled
2026-08-12T17:59:51.561965+00:00,20260812-0003,answer_submitted,CareerFlow:INTERVIEW,,fast,ru,,43d089d1-8ba7-407d-92c9-6251e79e3e17,"{""question_index"": 1, ""chars"": 12, ""turn"": 2, ""seconds_from_prev_event"": 3.43, ""seconds_in_current_state"": 43.87}",failed_or_disabled
2026-08-12T17:59:51.562964+00:00,20260812-0003,question_answered,CareerFlow:INTERVIEW,,fast,ru,,43d089d1-8ba7-407d-92c9-6251e79e3e17,"{""question_index"": 1, ""chars"": 12, ""turn"": 2, ""seconds_from_prev_event"": 3.43, ""seconds_in_current_state"": 43.87, ""source_event"": ""answer_submitted""}",failed_or_disabled
2026-08-12T17:59:53.404276+00:00,20260812-0003,answer_submitted,CareerFlow:INTERVIEW,,fast,ru,,43d089d1-8ba7-407d-92c9-6251e79e3e17,"{""question_index"": 1, ""chars"": 14, ""turn"": 3, ""seconds_from_prev_event"": 1.84, ""seconds_in_current_state"": 45.71}",failed_or_disabled
2026-08-12T17:59:53.405273+00:00,20260812-0003,question_answered,CareerFlow:INTERVIEW,,fast,ru,,43d089d1-8ba7-407d-92c9-6251e79e3e17,"{""question_index"": 1, ""chars"": 14, ""turn"": 3, ""seconds_from_prev_event"": 1.84, ""seconds_in_current_state"": 45.71, ""source_event"": ""answer_submitted""}",failed_or_disabled
2026-08-12T17:59:54.219477+00:00,20260812-0003,answer_submitted,CareerFlow:INTERVIEW,,fast,ru,,43d089d1-8ba7-407d-92c9-6251e79e3e17,"{""question_index"": 1, ""chars"": 10, ""turn"": 4, ""seconds_from_prev_event"": 0.8, ""seconds_in_current_state"": 46.51}",failed_or_disabled
2026-08-12T17:59:54.219477+00:00,20260812-0003,question_answered,CareerFlow:INTERVIEW,,fast,ru,,43d089d1-8ba7-407d-92c9-6251e79e3e17,"{""question_index"": 1, ""chars"": 10, ""turn"": 4, ""seconds_from_prev_event"": 0.8, ""seconds_in_current_state"": 46.51, ""source_event"": ""answer_submitted""}",failed_or_disabled
2026-08-12T17:59:55.129110+00:00,20260812-0003,answer_submitted,CareerFlow:INTERVIEW,,fast,ru,,43d089d1-8ba7-407d-92c9-6251e79e3e17,"{""question_index"": 1, ""chars"": 20, ""turn"": 5, ""seconds_from_prev_event"": 0.72, ""seconds_in_current_state"": 47.23}",failed_or_disabled
2026-08-12T17:59:55.130108+00:00,20260812-0003,interview_ready_with_uncertainty,CareerFlow:INTERVIEW,,fast,ru,,43d089d1-8ba7-407d-92c9-6251e79e3e17,"{""question_index"": 1, ""status"": ""ready_with_uncertainty"", ""seconds_from_prev_event"": 0.1, ""seconds_in_current_state"": 47.33}",failed_or_disabled
2026-08-12T17:59:55.130108+00:00,20260812-0003,extended_diag_forced_completed,CareerFlow:INTERVIEW,,fast,ru,,43d089d1-8ba7-407d-92c9-6251e79e3e17,"{""stage"": ""post_fast_questions"", ""seconds_from_prev_event"": 0.07, ""seconds_in_current_state"": 47.4}",failed_or_disabled
2026-08-12T17:59:55.130108+00:00,20260812-0003,interview_ready_with_uncertainty,CareerFlow:INTERVIEW,,fast,ru,,43d089d1-8ba7-407d-92c9-6251e79e3e17,"{""question_index"": 1, ""status"": ""ready_with_uncertainty"", ""seconds_from_prev_event"": 0.1, ""seconds_in_current_state"": 47.33, ""source_event"": ""interview_ready_early""}",failed_or_disabled
2026-08-12T17:59:55.129110+00:00,20260812-0003,question_answered,CareerFlow:INTERVIEW,,fast,ru,,43d089d1-8ba7-407d-92c9-6251e79e3e17,"{""question_index"": 1, ""chars"": 20, ""turn"": 5, ""seconds_from_prev_event"": 0.72, ""seconds_in_current_state"": 47.23, ""source_event"": ""answer_submitted""}",failed_or_disabled
2026-08-12T18:00:49.254886+00:00,20260812-0003,report_started,CareerFlow:GENERATING_REPORT,,fast,ru,,43d089d1-8ba7-407d-92c9-6251e79e3e17,"{""mode"": ""fast"", ""seconds_from_prev_event"": 54.1, ""seconds_in_current_state"": 0.0, ""previous_state"": ""CareerFlow:INTERVIEW"", ""previous_state_duration_seconds"": 101.5}",failed_or_disabled
2026-08-12T18:00:50.092495+00:00,20260812-0003,report_guardrail_failed,CareerFlow:GENERATING_REPORT,,fast,ru,,43d089d1-8ba7-407d-92c9-6251e79e3e17,"{""errors"": [""[WARNING] Psychological assertion 'страх отказа' appears in report as fact but was not confirmed by user. Must be framed as hypothesis or removed.""], ""seconds_from_prev_event"": 0.74, ""seconds_in_current_state"": 0.74}",failed_or_disabled
2026-08-12T18:00:50.093492+00:00,20260812-0003,report_generated,CareerFlow:GENERATING_REPORT,,fast,ru,,43d089d1-8ba7-407d-92c9-6251e79e3e17,"{""has_income_signal"": false, ""seconds_from_prev_event"": 0.1, ""seconds_in_current_state"": 0.84}",failed_or_disabled
2026-08-12T18:00:50.093492+00:00,20260812-0003,report_draft_empty_blocked,CareerFlow:GENERATING_REPORT,,fast,ru,,43d089d1-8ba7-407d-92c9-6251e79e3e17,"{""seconds_from_prev_event"": 0.04, ""seconds_in_current_state"": 0.91}",failed_or_disabled
2026-08-12T18:00:50.093492+00:00,20260812-0003,report_guardrail_failed,CareerFlow:GENERATING_REPORT,,fast,ru,,43d089d1-8ba7-407d-92c9-6251e79e3e17,"{""errors"": [""[WARNING] Psychological assertion 'страх отказа' appears in report as fact but was not confirmed by user. Must be framed as hypothesis or removed.""], ""seconds_from_prev_event"": 0.74, ""seconds_in_current_state"": 0.74, ""source_event"": ""guardrail_violations""}",failed_or_disabled
2026-08-12T18:00:50.093492+00:00,20260812-0003,report_profile_snapshot,CareerFlow:GENERATING_REPORT,,fast,ru,,43d089d1-8ba7-407d-92c9-6251e79e3e17,"{""user_segment"": ""entrepreneur"", ""user_segment_label"": ""Предприниматели"", ""resource_level"": ""medium"", ""integration_level"": ""medium"", ""recommended_main_path"": ""-"", ""energy_sources"": [], ""career_priorities"": [], ""seconds_from_prev_event"": 0.03, ""seconds_in_current_state"": 0.87}",failed_or_disabled
2026-08-12T18:01:18.681262+00:00,20260812-0003,pace_selected,WAITING_STORY,⚡ Быстро и по делу,fast,ru,,,{},failed_or_disabled
2026-08-12T18:01:32.477182+00:00,20260812-0003,story_evidence_extracted,CareerFlow:WAITING_STORY,,fast,ru,,,"{""chars"": 792, ""answer_length"": ""long"", ""tone"": ""calm"", ""seconds_in_current_state"": 0.0}",failed_or_disabled
2026-08-12T18:01:32.478184+00:00,20260812-0003,story_evidence_extracted,CareerFlow:WAITING_STORY,,fast,ru,,,"{""chars"": 792, ""answer_length"": ""long"", ""tone"": ""calm"", ""seconds_in_current_state"": 0.0, ""source_event"": ""story_submitted""}",failed_or_disabled
2026-08-12T18:01:41.486906+00:00,20260812-0003,story_evidence_extracted,CareerFlow:WAITING_STORY,,fast,ru,,,"{""chars"": 792, ""answer_length"": ""long"", ""tone"": ""calm"", ""seconds_from_prev_event"": 9.01, ""seconds_in_current_state"": 9.01}",failed_or_disabled
2026-08-12T18:01:41.486906+00:00,20260812-0003,story_evidence_extracted,CareerFlow:WAITING_STORY,,fast,ru,,,"{""chars"": 792, ""answer_length"": ""long"", ""tone"": ""calm"", ""seconds_from_prev_event"": 9.01, ""seconds_in_current_state"": 9.01, ""source_event"": ""story_submitted""}",failed_or_disabled
